wage_rmse,wage_mae,wage_r2,sat_accuracy,sample_size
100.8439683491417,56.05847601370772,0.7494052716799479,0.6725,20000
