sample_size,wage_rmse,wage_mae,wage_r2,sat_accuracy,training_time
10000,97.13247927152558,56.084413372825786,0.7603162571600803,0.6641379310344827,10.030582666397095
