,accuracy,f1
Baseline,0.6475552246214942,0.6217944194945256
Weighted,0.5467858029287664,0.5595275890240867
Custom Weighted,0.5309009679821296,0.5572349729433229
