model_type,wage_rmse,wage_mae,wage_r2,sat_accuracy,sample_size
Full Dataset Stacking,114.69816460000136,57.223234961592766,0.699906111098326,0.6747456612806703,166507
